<?xml version="1.0" encoding="UTF-8"?>
<project-private xmlns="http://www.netbeans.org/ns/project-private/1">
    <editor-bookmarks xmlns="http://www.netbeans.org/ns/editor-bookmarks/2" lastBookmarkId="0"/>
    <open-files xmlns="http://www.netbeans.org/ns/projectui-open-files/2">
        <group>
            <file>file:/opt/lampp/htdocs/start/dis.html</file>
            <file>file:/opt/lampp/htdocs/start/form.html</file>
            <file>file:/opt/lampp/htdocs/start/index.html</file>
            <file>file:/opt/lampp/htdocs/start/libs/components/srt.css</file>
        </group>
    </open-files>
</project-private>
